combo_id,histogram_matching,bilateral_filter,edge_detection_method,superpixel_algorithm,n_superpixels,roi_enabled,matches_count,inliers_count,inlier_ratio_pct,stop_layer,servoing_error_norm,total_time_sec
config_001,True,True,none,none,50,True,309,228,73.79,6,26.806713,0.9147
config_002,True,True,none,none,50,False,1154,668,57.89,5,28.254738,0.7732
config_003,True,True,none,none,100,True,309,228,73.79,6,26.806713,0.5082
config_004,True,True,none,none,100,False,1154,668,57.89,5,28.254738,0.5117
config_005,True,True,none,none,200,True,309,228,73.79,6,26.806713,0.5097
config_006,True,True,none,none,200,False,1154,668,57.89,5,28.254738,0.5373
config_007,True,True,none,boruvka,50,True,165,69,41.82,7,33.264332,1.1473
config_008,True,True,none,boruvka,50,False,603,135,22.39,7,24.524134,1.1535
config_009,True,True,none,boruvka,100,True,296,129,43.58,8,10.080138,1.2297
config_010,True,True,none,boruvka,100,False,663,181,27.3,8,30.406248,1.1133
config_011,True,True,none,boruvka,200,True,523,253,48.37,8,21.223312,1.095
config_012,True,True,none,boruvka,200,False,774,208,26.87,7,30.971613,1.1193
config_013,True,True,canny,none,50,True,309,228,73.79,6,26.806713,0.5
config_014,True,True,canny,none,50,False,1154,668,57.89,5,28.254738,0.5154
config_015,True,True,canny,none,100,True,309,228,73.79,6,26.806713,0.5178
config_016,True,True,canny,none,100,False,1154,668,57.89,5,28.254738,0.5062
config_017,True,True,canny,none,200,True,309,228,73.79,6,26.806713,0.4798
config_018,True,True,canny,none,200,False,1154,668,57.89,5,28.254738,0.4994
config_019,True,True,canny,boruvka,50,True,168,77,45.83,8,40.301041,1.1126
config_020,True,True,canny,boruvka,50,False,663,186,28.05,8,29.080637,1.1355
config_021,True,True,canny,boruvka,100,True,277,130,46.93,7,61.245712,1.1208
config_022,True,True,canny,boruvka,100,False,661,177,26.78,8,30.739546,1.142
config_023,True,True,canny,boruvka,200,True,463,184,39.74,8,33.161217,1.0914
config_024,True,True,canny,boruvka,200,False,738,209,28.32,8,36.737225,1.103
config_025,True,True,octhed,none,50,True,309,228,73.79,6,26.806713,0.9473
config_026,True,True,octhed,none,50,False,1154,668,57.89,5,28.254738,0.8577
config_027,True,True,octhed,none,100,True,309,228,73.79,6,26.806713,0.853
config_028,True,True,octhed,none,100,False,1154,668,57.89,5,28.254738,0.8586
config_029,True,True,octhed,none,200,True,309,228,73.79,6,26.806713,0.8436
config_030,True,True,octhed,none,200,False,1154,668,57.89,5,28.254738,0.8548
config_031,True,True,octhed,boruvka,50,True,169,63,37.28,8,58.345242,1.4564
config_032,True,True,octhed,boruvka,50,False,387,96,24.81,8,34.57708,1.4873
config_033,True,True,octhed,boruvka,100,True,317,105,33.12,7,35.038162,1.4659
config_034,True,True,octhed,boruvka,100,False,591,142,24.03,8,32.474648,1.5011
config_035,True,True,octhed,boruvka,200,True,378,148,39.15,8,35.149059,1.4824
config_036,True,True,octhed,boruvka,200,False,714,225,31.51,8,30.404995,1.4981
config_037,True,False,none,none,50,True,487,329,67.56,7,27.629803,0.4351
config_038,True,False,none,none,50,False,976,469,48.05,5,29.824677,0.4351
config_039,True,False,none,none,100,True,487,329,67.56,7,27.629803,0.4365
config_040,True,False,none,none,100,False,976,469,48.05,5,29.824677,0.4377
config_041,True,False,none,none,200,True,487,329,67.56,7,27.629803,0.4377
config_042,True,False,none,none,200,False,976,469,48.05,5,29.824677,0.4363
config_043,True,False,none,boruvka,50,True,15,8,53.33,3,1569.828125,1.0348
config_044,True,False,none,boruvka,50,False,249,35,14.06,7,36.911476,1.0593
config_045,True,False,none,boruvka,100,True,93,36,38.71,7,255.631363,1.0625
config_046,True,False,none,boruvka,100,False,449,94,20.94,8,27.647371,1.0763
config_047,True,False,none,boruvka,200,True,168,67,39.88,8,24.305075,1.0672
config_048,True,False,none,boruvka,200,False,529,142,26.84,8,30.941101,1.071
config_049,True,False,canny,none,50,True,487,329,67.56,7,27.629803,0.4522
config_050,True,False,canny,none,50,False,976,469,48.05,5,29.824677,0.4529
config_051,True,False,canny,none,100,True,487,329,67.56,7,27.629803,0.4624
config_052,True,False,canny,none,100,False,976,469,48.05,5,29.824677,0.4638
config_053,True,False,canny,none,200,True,487,329,67.56,7,27.629803,0.455
config_054,True,False,canny,none,200,False,976,469,48.05,5,29.824677,0.4503
config_055,True,False,canny,boruvka,50,True,29,14,48.28,3,564.451294,1.067
config_056,True,False,canny,boruvka,50,False,284,73,25.7,8,31.654516,1.0824
config_057,True,False,canny,boruvka,100,True,146,47,32.19,7,55.047184,1.0669
config_058,True,False,canny,boruvka,100,False,445,70,15.73,8,28.555882,1.0952
config_059,True,False,canny,boruvka,200,True,219,90,41.1,7,247.593689,1.0863
config_060,True,False,canny,boruvka,200,False,645,96,14.88,8,32.300705,1.0899
config_061,True,False,octhed,none,50,True,487,329,67.56,7,27.629803,0.8094
config_062,True,False,octhed,none,50,False,976,469,48.05,5,29.824677,0.8115
config_063,True,False,octhed,none,100,True,487,329,67.56,7,27.629803,0.806
config_064,True,False,octhed,none,100,False,976,469,48.05,5,29.824677,0.8101
config_065,True,False,octhed,none,200,True,487,329,67.56,7,27.629803,0.8318
config_066,True,False,octhed,none,200,False,976,469,48.05,5,29.824677,0.8204
config_067,True,False,octhed,boruvka,50,True,28,12,42.86,3,223.304428,1.5004
config_068,True,False,octhed,boruvka,50,False,368,89,24.18,8,27.720327,1.477
config_069,True,False,octhed,boruvka,100,True,31,14,45.16,3,834.657349,1.4436
config_070,True,False,octhed,boruvka,100,False,441,75,17.01,7,36.707054,1.47
config_071,True,False,octhed,boruvka,200,True,38,16,42.11,3,62.961704,1.4333
config_072,True,False,octhed,boruvka,200,False,449,88,19.6,8,27.989901,1.4718
config_073,False,True,none,none,50,True,309,230,74.43,6,24.861771,0.1251
config_074,False,True,none,none,50,False,1133,564,49.78,5,30.144596,0.1412
config_075,False,True,none,none,100,True,309,230,74.43,6,24.861771,0.1322
config_076,False,True,none,none,100,False,1133,564,49.78,5,30.144596,0.1395
config_077,False,True,none,none,200,True,309,230,74.43,6,24.861771,0.1321
config_078,False,True,none,none,200,False,1133,564,49.78,5,30.144596,0.1343
config_079,False,True,none,boruvka,50,True,183,81,44.26,8,136.904587,0.7164
config_080,False,True,none,boruvka,50,False,539,135,25.05,8,30.637568,0.7342
config_081,False,True,none,boruvka,100,True,253,125,49.41,8,35.984554,0.7354
config_082,False,True,none,boruvka,100,False,659,176,26.71,8,31.382921,0.811
config_083,False,True,none,boruvka,200,True,531,237,44.63,8,40.764553,0.7507
config_084,False,True,none,boruvka,200,False,713,198,27.77,8,30.876261,0.7597
config_085,False,True,canny,none,50,True,309,230,74.43,6,24.861771,0.1426
config_086,False,True,canny,none,50,False,1133,564,49.78,5,30.144596,0.153
config_087,False,True,canny,none,100,True,309,230,74.43,6,24.861771,0.1407
config_088,False,True,canny,none,100,False,1133,564,49.78,5,30.144596,0.1518
config_089,False,True,canny,none,200,True,309,230,74.43,6,24.861771,0.1369
config_090,False,True,canny,none,200,False,1133,564,49.78,5,30.144596,0.1524
config_091,False,True,canny,boruvka,50,True,216,86,39.81,8,107.241325,0.8004
config_092,False,True,canny,boruvka,50,False,556,132,23.74,8,30.984711,0.804
config_093,False,True,canny,boruvka,100,True,325,140,43.08,8,34.99054,0.801
config_094,False,True,canny,boruvka,100,False,700,184,26.29,8,30.949619,0.7852
config_095,False,True,canny,boruvka,200,True,545,199,36.51,8,29.845213,0.8053
config_096,False,True,canny,boruvka,200,False,692,216,31.21,8,27.654314,0.753
config_097,False,True,octhed,none,50,True,309,230,74.43,6,24.861771,0.5046
config_098,False,True,octhed,none,50,False,1133,564,49.78,5,30.144596,0.5057
config_099,False,True,octhed,none,100,True,309,230,74.43,6,24.861771,0.5047
config_100,False,True,octhed,none,100,False,1133,564,49.78,5,30.144596,0.5084
config_101,False,True,octhed,none,200,True,309,230,74.43,6,24.861771,0.4955
config_102,False,True,octhed,none,200,False,1133,564,49.78,5,30.144596,0.507
config_103,False,True,octhed,boruvka,50,True,221,73,33.03,8,104.092422,1.118
config_104,False,True,octhed,boruvka,50,False,498,127,25.5,8,29.207724,1.1718
config_105,False,True,octhed,boruvka,100,True,333,125,37.54,8,64.96981,1.1304
config_106,False,True,octhed,boruvka,100,False,631,155,24.56,8,31.054552,1.1765
config_107,False,True,octhed,boruvka,200,True,401,159,39.65,8,17.254864,1.1401
config_108,False,True,octhed,boruvka,200,False,740,179,24.19,8,31.781042,1.1399
config_109,False,False,none,none,50,True,478,333,69.67,7,30.707827,0.0862
config_110,False,False,none,none,50,False,973,544,55.91,5,29.730383,0.0935
config_111,False,False,none,none,100,True,478,333,69.67,7,30.707827,0.0859
config_112,False,False,none,none,100,False,973,544,55.91,5,29.730383,0.0889
config_113,False,False,none,none,200,True,478,333,69.67,7,30.707827,0.0887
config_114,False,False,none,none,200,False,973,544,55.91,5,29.730383,0.0915
config_115,False,False,none,boruvka,50,True,22,14,63.64,3,66.333878,0.6869
config_116,False,False,none,boruvka,50,False,286,42,14.69,7,28.877272,0.7388
config_117,False,False,none,boruvka,100,True,70,30,42.86,7,142.228607,0.7512
config_118,False,False,none,boruvka,100,False,498,57,11.45,7,33.2113,0.7584
config_119,False,False,none,boruvka,200,True,228,85,37.28,8,67.691933,0.7305
config_120,False,False,none,boruvka,200,False,533,138,25.89,8,32.822498,0.7346
config_121,False,False,canny,none,50,True,478,333,69.67,7,30.707827,0.1014
config_122,False,False,canny,none,50,False,973,544,55.91,5,29.730383,0.1041
config_123,False,False,canny,none,100,True,478,333,69.67,7,30.707827,0.1005
config_124,False,False,canny,none,100,False,973,544,55.91,5,29.730383,0.1042
config_125,False,False,canny,none,200,True,478,333,69.67,7,30.707827,0.1037
config_126,False,False,canny,none,200,False,973,544,55.91,5,29.730383,0.1078
config_127,False,False,canny,boruvka,50,True,34,13,38.24,3,19.211346,0.6941
config_128,False,False,canny,boruvka,50,False,352,62,17.61,7,29.532406,0.7465
config_129,False,False,canny,boruvka,100,True,98,34,34.69,7,50.572746,0.7474
config_130,False,False,canny,boruvka,100,False,484,75,15.5,7,32.275471,0.7466
config_131,False,False,canny,boruvka,200,True,115,40,34.78,7,133.541718,0.7454
config_132,False,False,canny,boruvka,200,False,498,127,25.5,8,29.708567,0.7263
config_133,False,False,octhed,none,50,True,478,333,69.67,7,30.707827,0.4615
config_134,False,False,octhed,none,50,False,973,544,55.91,5,29.730383,0.4637
config_135,False,False,octhed,none,100,True,478,333,69.67,7,30.707827,0.4656
config_136,False,False,octhed,none,100,False,973,544,55.91,5,29.730383,0.4639
config_137,False,False,octhed,none,200,True,478,333,69.67,7,30.707827,0.4658
config_138,False,False,octhed,none,200,False,973,544,55.91,5,29.730383,0.4653
config_139,False,False,octhed,boruvka,50,True,1,0,0.0,3,,1.07
config_140,False,False,octhed,boruvka,50,False,404,74,18.32,7,31.562527,1.1148
config_141,False,False,octhed,boruvka,100,True,33,15,45.45,3,371.311462,1.074
config_142,False,False,octhed,boruvka,100,False,467,111,23.77,8,31.176092,1.1264
config_143,False,False,octhed,boruvka,200,True,67,22,32.84,3,371.300873,1.0873
config_144,False,False,octhed,boruvka,200,False,476,114,23.95,8,30.286026,1.1541
